name	type	country	administered_by	location	year_est	year_closed	display_year_est	display_year_closed	status	notes	auto_tooltip	lat	lon	use
Aboa	Summer	Finland	Finnish Antarctic Research Program	Queen Maud Land	1988				active			-73.0422	-13.4072	Science
Aguirre Cerda	Summer	Chile	Instituto Antártico Chileno	Deception Island	1955	1967			closed	Destroyed by volcanic eruption in 1967.		-62.9336	-60.5958	Science
Amundsen–Scott South Pole	Permanent	United States	United States Antarctic Program	Geographical South Pole	1957				active	Located at South Pole, the southernmost place on Earth. Continuously occupied since it was built, it has been rebuilt, demolished, expanded, and upgraded several times since opening.	TRUE	-90	0	Science
Arctowski	Permanent	Poland	Polish Academy of Sciences	King George Island	1977				active			-62.1603	-58.4733	Science
Arrival Heights Laboratory	Permanent	New Zealand	Antarctica New Zealand	Ross Island	1959				active			-77.8306	166.6611	Science
Arrival Heights Satellite Station	Permanent	New Zealand	Antarctica New Zealand	Ross Island	1959				active			-77.83	166.6617	Science
Artigas	Permanent	Uruguay	Uruguayan Antarctic Institute	King George Island	1984				active			-62.1844	-58.9039	Science
Arturo Parodi	Summer	Chile	Instituto Antártico Chileno	Ellsworth Land	1999	2014			closed			-80.3042	-81.3869	Science
Arturo Prat	Permanent	Chile	Chilean Navy	Greenwich Island	1947				active	First Chilean station.		-62.4789	-59.6644	Science
Asuka	Summer	Japan	National Institute of Polar Research	Queen Maud Land	1985	1986			closed			-71.5258	24.1114	Science
Beaver Lake	Summer	Australia	Australian Antarctic Division	Beaver Lake	1995				active			-70.795	68.1689	Science
Belgrano I	Permanent	Argentina	Instituto Antártico Argentino	Filchner-Ronne Ice Shelf	1955	1980			closed			-77.7667	-38.1833	Science
Belgrano II	Permanent	Argentina	Instituto Antártico Argentino	Coats Land	1979				active	Argentina’s southernmost permanent base, and third southernmost permanent base on the planet. World’s southernmost base built on solid rock, which is advantageous for seismological and geological research.	TRUE	-77.8736	-34.6275	Science
Belgrano III	Permanent	Argentina	Instituto Antártico Argentino	Berkner Island	1980	1984			closed			-77.9006	-45.7836	Science
Bellingshausen	Permanent	Russia / Soviet Union	Russian Antarctic Expedition	King George Island	1968				active			-62.1986	-58.9606	Science
Bharati	Permanent	India	Indian Antarctic Program	Larsemann Hills	2012				active			-69.4081	76.1872	Science
Borga	Summer	South Africa	South African National Antarctic Programme	Borg Massif	1969	1976			closed			-72.9667	-3.8	Science
Brockton	Summer	United States	United States Navy	Ross Ice Shelf	1965	1972			closed			-80.0333	-178.7	Science
Brown	Summer	Argentina	Instituto Antártico Argentino	Paradise Harbor	1951				active			-64.8956	-62.8708	Science
Byrd	Permanent	United States	United States Antarctic Program	Marie Byrd Land	1957	1971	1957	2005	closed			-80.0147	-119.5656	Science
Byrd	Summer	United States	United States Antarctic Program	Marie Byrd Land	1972	2005	1957	2005	closed			-80.0147	-119.5656	Science
Cámara	Summer	Argentina	Instituto Antártico Argentino	Half Moon Island	1953				active			-62.5947	-59.9186	Science
Carvajal (ex Station T)	Summer	Chile	Instituto Antártico Chileno	Adelaide Island	1984				active			-67.7611	-68.9144	Science
Casey	Permanent	Australia	Australian Antarctic Division	Vincennes Bay	1957				active			-66.2825	110.5267	Science
Charcot	Permanent	France	French Polar Institute	Adélie Land	1957	1959			closed			-69.375	139.0167	Science
Collins	Summer	Chile	Instituto Antártico Chileno	Fildes Peninsula	2006				active			-62.1692	-58.8519	Science
Comandante Ferraz	Permanent	Brazil	Brazilian Antarctic Program	King George Island	1984				active			-62.0853	-58.3914	Science
Concordia	Permanent	Italy, France	National Antarctic Research Program, IPEV	Dome CAntarctic Plateau	2005				active	The nearby ice core drilling that lasted from 1996 to 2004 reached a depth of 3,270 m. The age of oldest recovered ice is estimated to be ca. 900,000 years.<br><br>The station has been proposed as a real-life Earth-based analogue for long-duration deep-space missions.	TRUE	-75.0997	123.3322	Science
Dakshin Gangotri	Permanent	India	Indian Antarctic Program	Dakshin Gangotri Glacier	1983	1990			closed			-69.4067	76.1933	Science
Dallmann	Summer	Germany	Alfred Wegener Institute	Carlini Station	1994				active			-62.2383	-58.6678	Science
Davis	Permanent	Australia	Australian Antarctic Division	Princess Elizabeth Land	1957				active			-68.5767	77.9675	Science
Deception	Summer	Argentina	Instituto Antártico Argentino	Deception Island	1948				active			-62.9753	-60.6978	Science
Dirck Gerritsz Laboratory	Summer	Netherlands	British Antarctic Survey	Rothera Station	2013				active			-67.5689	-68.1247	Science
Dobrowolski	Summer	Poland	Polish Academy of Sciences	Wilkes Land	1959				active			-66.2744	100.75	Science
Dome Fuji	Summer	Japan	National Institute of Polar Research	Queen Maud Land	1995				active	Owing to its location on the Antarctic plateau and the high elevation, Dome Fuji is one of the coldest places on Earth. Temperatures rarely rise above -30 °C in summer and can drop to -80 °C in winter.<br><br>Ice core drilling carried out here over several years reached a depth of 3,035 m. According to a first preliminary dating, this core reaches back to 720,000 years.		-77.3164	39.7011	Science
Drescher	Summer	Germany	Alfred Wegener Institute	Queen Maud Land	1986	2004			closed			-72.8333	-19.0333	Science
Druzhba	Summer	Russia / Soviet Union	Soviet Antarctic Expedition	Zavadovskiy Island	1960	1960			closed			-66.7167	86.4	Science
Drúzhnaya 1	Summer	Russia / Soviet Union	Soviet Antarctic Expedition	Filchner-Ronne Ice Shelf	1975	1986			closed			-77.5667	-40.2167	Science
Drúzhnaya 2	Summer	Russia / Soviet Union	Soviet Antarctic Expedition	Lassiter Coast	1982	1986			closed			-75.6	-57.8667	Science
Drúzhnaya 3	Summer	Russia / Soviet Union	Soviet Antarctic Expedition	Queen Maud Land	1982	1986			closed			-71.1	-10.8167	Science
Drúzhnaya 4	Summer	Russia / Soviet Union	Soviet Antarctic Expedition, Russian Antarctic Expedition	Princess Elizabeth Land	1987	1995			closed			-69.7333	73.7	Science
Dumont d'Urville	Permanent	France	IPEV	Adélie Land	1956				active	One of the main interests of the base is the study of wildlife, notably emperor penguins. In the summer, the rocks near the base serve as a refuge for the Adélie penguin, which comes here to reproduce.		-66.6628	140.0019	Science
E Base	Summer	South Africa		Fimbul Ice Shelf	1985				active			-70.3	-2.4333	Science
East Base	Permanent	United States	United States Antarctic Service Expedition	Stonington Island	1941	1948			closed			-68.1839	-66.9981	Science
Eco-Nelson	Permanent	Czech Republic	Private station	Nelson Island	1989				active			-62.2464	-58.9822	Science
Eduardo Frei, Villa Las Estrellas	Permanent	Chile	Chilean Air Force	King George Island	1969				active	The most important Chilean Antarctic base. Has a 1.3 km long airstrip with 50 intercontinental and 150 intracontinental flights per season, serving as a means of transport to many bases on the continent.<br><br>Includes Villa Las Estrellas residential area that has a hospital, a school, a bank and a small supermarket.		-62.1931	-58.9819	Science
Eights	Permanent	United States	National Science Foundation	Queen Maud Land	1963	1965			closed			-75.2333	-77.1667	Science
Ellsworth (United States)	Permanent	United States	United States Navy	Filchner-Ronne Ice Shelf	1957	1958			closed			-77.65	-41.0333	Science
Ellsworth (Argentina)	Permanent	Argentina	Instituto Antártico Argentino	Filchner-Ronne Ice Shelf	1959	1962			closed			-77.65	-41.0333	Science
Elichiribehety (ex Station D)	Summer	Uruguay	Uruguayan Antarctic Institute	Hope Bay	1997				active			-63.4025	-56.9908	Science
Escudero	Permanent	Chile	Instituto Antártico Chileno	King George Island	1994				active			-62.2014	-58.9622	Science
Esperanza	Permanent	Argentina	Instituto Antártico Argentino	Hope Bay	1953				active	One of only two civilian settlements in Antarctica. It has an Argentine civil register office where births and weddings are recorded.<br><br>The birthplace of Emilio Palma, the first person born in Antarctica. There have been at least ten other children born at the base.	TRUE	-63.3975	-56.9978	Science
Filchner	Summer	Germany	Alfred Wegener Institute	Filchner-Ronne Ice Shelf	1982	1999			closed			-77.1	-50.4	Science
Fossil Bluff (ex Station KG)	Summer	United Kingdom	British Antarctic Survey	Alexander Island	1961				active			-71.3233	-68.2878	Science
Gabriel de Castilla	Summer	Spain	Spanish National Research Council	Deception Island	1989				active			-62.9769	-60.6753	Science
General Bernardo O'Higgins	Permanent	Chile	Chilean Army	Cape Legoupil	1948				active			-63.3208	-57.8997	Science
Georg Forster (East Germany)	Permanent	East Germany	Alfred Wegener Institute	Filchner-Ronne Ice Shelf	1976	1989			closed			-70.7775	11.8489	Science
Georg Forster (Germany)	Permanent	Germany	Alfred Wegener Institute	Filchner-Ronne Ice Shelf	1990	1993			closed			-70.7775	11.8489	Science
German Antarctic Receiving Station	Permanent	Germany	German Aerospace Center	Cape Legoupil	1991				active			-63.3208	-57.9006	Science
Giacomo Bove	Summer	Italy	Private station	Italia Valley	1976	1976			closed			-62.1681	-58.505	Science
Gondwana	Summer	Germany	Alfred Wegener Institute	Transantarctic Mountains	1983				active			-74.6353	164.2219	Science
González Videla	Summer	Chile	Chilean Air Force	Waterboat Point, Graham Land	1951				active	Named after Chilean President Gabriel González Videla, who in the 1940s became the first chief of state of any nation to visit Antarctica.<br><br>This was the place where the smallest ever wintering-over party (two men) spent a year and a day in 1921-1922. The two men, Thomas Bagshawe and M.C. Lester, had been part of the British Imperial Expedition.		-64.8239	-62.8569	Science
Great Wall	Permanent	China	Polar Research Institute of China	King George Island	1985				active			-62.2169	-58.9619	Science
Guillermo Mann	Summer	Chile	Instituto Antártico Chileno	Cape Shirreff	1991				active			-62.47	-60.7714	Science
Hallett	Permanent	United States, New Zealand	International Geophysical Year	Hallett Peninsula	1956	1963	1956	1973	closed			-72.3167	170.2667	Science
Hallett	Summer	United States, New Zealand	International Geophysical Year	Hallett Peninsula	1964	1973	1956	1973	closed			-72.3167	170.2667	Science
Halley	Permanent	United Kingdom	British Antarctic Survey	Brunt Ice Shelf	1956				active	Established to study the Earth’s atmosphere, measurements here led to discovering the ozone hole in 1985. Current base is sixth in a line of designs to overcome challenges of building on a floating ice shelf.		-75.6125	-26.1978	Science
Jang Bogo	Permanent	South Korea	Korea Polar Research Institute	Terra Nova Bay	2014				active			-74.6239	164.2289	Science
Jinnah	Summer	Pakistan	Pakistan Antarctic Programme	Sør Rondane Mountains, Queen Maud Land	1991				active			-70.4	25.75	Science
Juan Carlos Primero	Summer	Spain	Spanish National Research Council	South Bay, Livingston Island	1988				active			-62.6631	-60.3881	Science
Jubany (renamed Carlini)	Permanent	Argentina	Instituto Antártico Argentino	King George Island	1953				active			-62.2383	-58.6678	Science
Julio Ripamonti	Summer	Chile	Instituto Antártico Chileno	Ardley Island	1982				active			-62.21	-58.9356	Science
King Baudouin (first station)	Permanent	Belgium	National Center for Polar Research	Princess Ragnhild Coast	1957	1961			closed			-70.4258	24.3167	Science
King Baudouin (second station)	Permanent	Belgium, Netherlands	National Center for Polar Research	Princess Ragnhild Coast	1964	1967			closed			-70.4258	24.3167	Science
King Sejong	Permanent	South Korea	Korea Polar Research Institute	King George Island	1988				active			-62.2228	-58.7883	Science
Kohnen	Summer	Germany	Alfred Wegener Institute	Queen Maud Land	2001				active	In 2019, researchers found interstellar iron in Antarctica in snow from the Kohnen Station which they relate to the Local Interstellar Cloud.		-75.0019	0.0667	Science
Komsomolskaya	Permanent	Russia / Soviet Union	Arctic and Antarctic Research Institute	Queen Mary Land	1957	1962			closed			-74.1	94.5	Science
Kunlun	Summer	China	Polar Research Institute of China	Dome A	2009				active			-80.4172	77.1164	Science
Law	Summer	Romania	Romanian Polar Research Institute	Larsemann Hills, Princess Elizabeth Land	1986				active			-69.3736	76.3717	Science
Lázarev	Permanent	Russia / Soviet Union	Russian Antarctic Expedition	Lazarev Ice Shelf	1959	1961			closed			-69.9667	12.9167	Science
Lenie	Summer	United States	United States Antarctic Program	Admiralty Bay	1985				active			-62.1783	-58.4461	Science
Leningradskaya	Summer	Russia / Soviet Union	Russian Antarctic Expedition	Oates Coast, Victoria Land	1971	1991			closed			-69.5014	159.3919	Science
Little America	Permanent	United States		Ross Ice Shelf	1929	1987			closed			-78.2	-162.2	Science
Little Rockford	Summer	United States		Marie Byrd Land	1958	1965			closed			-79.5	-147.3167	Science
Machu Picchu	Summer	Peru	Instituto Antártico Peruano	Admiralty Bay, King George Island	1989				active			-62.0914	-58.47	Science
Maitri	Permanent	India	Indian Antarctic Program	Schirmacher Oasis	1989				active			-70.7667	11.7314	Science
Maldonado	Summer	Ecuador	Instituto Antártico Ecuatoriano	Greenwich Island	1990				active			-62.4492	-59.7414	Science
Marambio	Permanent	Argentina	Instituto Antártico Argentino	Marambio Island	1969				active	At the time of construction it was the first airfield in Antarctica and is still one of the most frequently used ones due to its suitability for wheeled landing, for which it is called “Antarctica’s Entrance Door”. It is also Argentina’s most important base in the continent.	TRUE	-64.2411	-56.6267	Science
Mario Zucchelli	Summer	Italy	National Antarctic Research Program, ENEA, CNR	Terra Nova Bay	1986				active			-74.6942	164.1139	Science
Matienzo	Summer	Argentina	Instituto Antártico Argentino	Graham Land	1961				active			-64.9756	-60.0714	Science
Maudheim	Permanent	Norway, Sweden, United Kingdom	Norwegian–British–Swedish Antarctic Expedition	Queen Maud Land	1949	1952			closed			-71.05	-10.9333	Science
Mawson	Permanent	Australia	Australian Antarctic Division	Mac Robertson Land	1954				active	Australia’s oldest Antarctic station and the oldest continuously inhabited Antarctic station south of the Antarctic Circle. The only Antarctic station to use wind generators for over 70% of its power needs, saving over 600,000 litres of diesel fuel per year.	TRUE	-67.6033	62.8742	Science
McMurdo	Permanent	United States	United States Antarctic Program	Ross Island	1956				active	The largest community in Antarctica, capable of supporting up to 1,258 residents. Includes a harbour, three airfields, a heliport and more than 100 buildings. The station is also home to the continent’s two ATMs.<br><br>Nicknamed “Mac-Town” by its residents, it is the hub for American activities on the Antarctic continent.	TRUE	-77.8464	166.6683	Science
Melchior	Summer	Argentina	Instituto Antártico Argentino	Melchior Islands	1947				active			-64.3256	-62.9761	Science
Mendel	Summer	Czech Republic	Masaryk University	James Ross Island	2006				active			-63.8006	-57.8822	Science
Mir	Summer	Russia / Soviet Union	Russian Antarctic Expedition	Drygalski Island	1958	1960			closed			-65.75	92.5	Science
Mirny	Permanent	Russia / Soviet Union	Russian Antarctic Expedition	Davis Sea	1956				active	First Russian (Soviet) Antarctic station.		-66.5531	93.0097	Science
Mizuho	Summer	Japan	National Institute of Polar Research	Mizuho Plateau	1970				active			-70.6992	44.2792	Science
Molodyozhnaya (Soviet Union)	Summer	Russia / Soviet Union	Soviet Antarctic Expedition	Thala Hills, East Antarctica	1962	1990			closed			-67.6653	45.8383	Science
Molodyozhnaya (Russia)	Summer	Russia / Soviet Union	Russian Antarctic Expedition	Thala Hills, East Antarctica	2007				active			-67.6653	45.8383	Science
Neumayer I	Permanent	Germany	Alfred Wegener Institute	Princess Martha Coast	1981	1993			closed			-70.6514	-8.2631	Science
Neumayer II	Permanent	Germany	Alfred Wegener Institute	Queen Maud Land	1992	2009			closed			-70.6378	-8.2617	Science
Neumayer III	Permanent	Germany	Alfred Wegener Institute	Atka Bay	2009				active	The station is moving with the shelf ice at about 200 meters per year towards the open sea. Previous Neumayer stations have been the center of continuous research since 1981, especially with respect to their observatories.<br><br>Main research areas are meteorology, geophysics, atmospheric chemistry, infrasound and marine acoustics.	TRUE	-70.6772	-8.2717	Science
Norway	Permanent	Norway	Sixth Norwegian Antarctic Expedition	Fimbul Ice Shelf	1957	1960			closed			-70.5	-2.5	Science
Novolazarevskaya	Permanent	Russia / Soviet Union	Russian Antarctic Expedition	Queen Maud Land	1961				active			-70.7767	11.8222	Science
Oasis	Summer	Russia / Soviet Union	Russian Antarctic Expedition	Bunger Hills	1956	1958			closed			-66.2667	100.7333	Science
Oasis 2	Summer	Russia / Soviet Union	Russian Antarctic Expedition	Bunger Hills	1987	1995			closed			-66.2744	100.75	Science
Orcadas	Permanent	Argentina	Instituto Antártico Argentino, Argentine Navy	Laurie Island, South Orkney Islands	1904				active	The first and oldest station in Antarctica, it has been permanently populated since 1904 and is still in operation today.	TRUE	-60.7381	-44.7381	Science
Palmer	Permanent	United States	United States Antarctic Program	Anvers Island	1968				active			-64.7742	-64.0528	Science
Petrel	Summer	Argentina	Instituto Antártico Argentino	Dundee Island	1952				active			-63.4781	-56.2289	Science
Pionérskaya	Permanent	Russia / Soviet Union	Russian Antarctic Expedition	Queen Mary Land	1956	1959			closed			-69.7333	95.5167	Science
Plateau	Permanent	United States	United States Navy, National Science Foundation	Queen Maud Land	1965	1969			closed			-79.2508	40.5606	Science
Pobeda	Summer	Russia / Soviet Union	Russian Antarctic Expedition	Queen Mary Land	1960	1960			closed			-64.65	98.9	Science
Pole of inaccessibility	Summer	Russia / Soviet Union		Kemp Land	1958	1958			closed	Defunct Soviet research station in Kemp Land, Antarctica, at the southern pole of inaccessibility (the point in Antarctica furthest from any ocean) as defined in 1958 when the station was established. The station was in operation for less than 2 weeks.	TRUE	-82.1	54.9667	Science
Port Martin	Permanent	France	French Antarctic Expedition	Cape Margerie	1950	1952			closed			-66.8183	141.4006	Science
Primavera	Summer	Argentina	Instituto Antártico Argentino	Graham Land	1977				active			-64.1558	-60.9553	Science
Princess Elisabeth	Summer	Belgium	International Polar Foundation (Energy passive station)	Queen Maud Land	2007				active	The only zero-emission base on the Antarctic, it runs entirely on solar and wind energy through the use of a micro smart grid.	TRUE	-71.95	23.3469	Science
Progress	Summer	Russia / Soviet Union	Russian Antarctic Expedition	Prydz Bay	1988				active			-69.3736	76.3717	Science
Risopatrón	Summer	Chile	Instituto Antártico Chileno	Robert Island	1954				active			-62.3783	-59.7008	Science
Rothera (ex Station R)	Permanent	United Kingdom	British Antarctic Survey	Adelaide Island	1975				active			-67.5683	-68.1258	Science
Russkaya	Summer	Russia / Soviet Union	Russian Antarctic Expedition	Marie Byrd Land	1980	1990			closed			-74.7667	-136.8028	Science
Salyut	Summer	Russia / Soviet Union	Russian Antarctic Expedition	Queen Mary Land	1978	1978			closed			-65.5333	96.5	Science
San Martín	Permanent	Argentina	Instituto Antártico Argentino	Barry Island	1951				active	At the time of its foundation in 1951, it was the first human settlement south of the Antarctic Circle.	TRUE	-68.13	-67.1014	Science
SANAE I	Permanent	South Africa	South African National Antarctic Programme	Fimbul Ice Shelf	1960	1963			closed			-70.3	-2.3667	Science
SANAE II	Permanent	South Africa	South African National Antarctic Programme	Fimbul Ice Shelf	1971	1979			closed			-70.3	-2.3667	Science
SANAE III	Permanent	South Africa	South African National Antarctic Programme	Fimbul Ice Shelf	1979	1997			closed			-70.3	-2.3667	Science
SANAE IV	Permanent	South Africa	South African National Antarctic Programme	Vesleskarvet, Queen Maud Land	1960				active			-71.6728	-2.8406	Science
Sarie Marais	Summer	South Africa	South African National Antarctic Programme	Ahlmann Ridge	1982	1999			closed			-72.0264	-2.805	Science
Scott Base	Permanent	New Zealand	Antarctica New Zealand	Ross Island	1957				active			-77.8492	166.7683	Science
Shirreff	Summer	United States	National Oceanic and Atmospheric Administration	Cape Shirreff	1991				active			-62.4703	-60.7711	Science
Signy (ex Station H)	Permanent	United Kingdom	British Antarctic Survey	Signy Island, South Orkney Islands	1947	1995	1947		active			-60.7081	-45.595	Science
Signy (ex Station H)	Summer	United Kingdom	British Antarctic Survey	Signy Island, South Orkney Islands	1996		1947		active			-60.7081	-45.595	Science
Site 2	Summer	United States		Law Dome	1957	1966			closed			-66.5019	113.2025	Science
Syowa	Permanent	Japan	National Institute of Polar Research	East Ongul Island	1957				active	Serves as a research outpost for astronomy, meteorology, biology and earth sciences, comprises over 60 separate buildings.		-69.0044	39.5817	Science
Siple	Summer	United States	Stanford's STAR Lab	Ellsworth Land	1973	1988			closed	Established to perform experiments that actively probe the magnetosphere using very low frequency (VLF) waves. At the time, the Siple II station had the world’s longest dipole antenna (total antenna length of approximately 50 miles).	TRUE	-75.9167	-83.9167	Science
Sobral	Permanent	Argentina	Instituto Antártico Argentino	Filchner-Ronne Ice Shelf	1965	1968			closed			-81.0792	-40.52	Science
Sodrúzhestvo	Summer	Russia / Soviet Union	Russian Antarctic Expedition	Amery Ice Shelf	1971	1974			closed			-69.7167	73.7333	Science
South Ice	Permanent	United Kingdom	Commonwealth Trans-Antarctic Expedition	Edith Ronne Land	1957	1958			closed			-82.0833	-30	Science
Sovetskaya	Permanent	Russia / Soviet Union	Arctic and Antarctic Research Institute	Kaiser Wilhelm II Land	1958	1959			closed			-77.9667	89.2667	Science
Soyuz	Permanent	Russia / Soviet Union	Russian Antarctic Expedition	Prince Charles Mountains	1982	1989			closed			-70.5767	68.7917	Science
St. Kliment Ohridski	Summer	Bulgaria	Bulgarian Antarctic Institute	Emona Anchorage, Livingston Island	1988				active			-62.6414	-60.3647	Science
Station A	Summer	United Kingdom	United Kingdom Antarctic Heritage Trust	Goudier Island	1944				active			-64.8253	-63.4936	Science
Station B	Permanent	United Kingdom	Falkland Islands and Dependencies Aerial Survey Expedition	Deception Island	1944	1969			closed			-62.9772	-60.5639	Science
Station C	Summer	United Kingdom	British Antarctic Survey	Cape Geddes	1946	1947			closed			-60.6878	-44.5733	Science
Station D	Permanent	United Kingdom	British Antarctic Survey	Hope Bay	1945	1964			closed			-63.4025	-56.9908	Science
Station E	Permanent	United Kingdom	British Antarctic Survey	Stonington Island	1946	1975			closed			-68.1856	-66.9947	Science
Station F (renamed Faraday)	Permanent	United Kingdom	British Antarctic Survey	Galindez Island	1947	1996			closed			-65.2458	-64.2578	Science
Station G	Permanent	United Kingdom	British Antarctic Survey	Admiralty Bay	1947	1961			closed			-62.0872	-58.3942	Science
Station J	Permanent	United Kingdom	British Antarctic Survey	Prospect Point	1957	1959			closed			-65.9986	-65.3183	Science
Station N	Permanent	United Kingdom	British Antarctic Survey	Anvers Island	1955	1958			closed			-64.76	-64.08	Science
Station O	Permanent	United Kingdom	British Antarctic Survey	Danco Island	1956	1959			closed			-64.7333	-62.6	Science
Station P	Summer	United Kingdom	British Antarctic Survey	Mateev Cove	1957	1958			closed			-62.6494	-60.5903	Science
Station T	Permanent	United Kingdom	British Antarctic Survey	Adelaide Island	1961	1977			closed			-67.7611	-68.9144	Science
Station V	Permanent	United Kingdom	British Antarctic Survey	View Point	1953	1963			closed			-63.5544	-57.3783	Science
Station W	Permanent	United Kingdom	British Antarctic Survey	Detaille Island	1956	1959			closed			-66.8669	-66.7981	Science
Station Y	Permanent	United Kingdom	British Antarctic Survey	Horseshoe Island	1955	1960			closed			-67.8083	-67.2942	Science
Station Y	Permanent	United Kingdom	British Antarctic Survey	Horseshoe Island	1969	1969			closed			-67.8083	-67.2942	Science
Svea	Summer	Sweden	Swedish Polar Research Secretariat	Queen Maud Land	1988				active			-74.5833	-11.2167	Science
Taishan	Summer	China	Polar Research Institute of China	Princess Elizabeth Land	2014				active			-73.8639	76.9747	Science
Tor	Summer	Norway	Norwegian Polar Institute	Queen Maud Land	1993				active			-71.8894	5.1594	Science
Troll	Permanent	Norway	Norwegian Polar Institute	Queen Maud Land	1990				active	Contrary to most other research stations on the continent, Troll is constructed on the snow-free slope of solid rock breaking through the ice sheet.	TRUE	-72.0117	2.535	Science
Union Glacier	Summer	Chile	Chilean Army, Chilean Navy, Chilean Air Force, Instituto Antártico Chileno	Union Glacier	2014				active	After the American base Amundsen-Scott and the Chinese base Kunlun, Union Glacier Station is the nearest active base to the South Pole, located 1,080 km away.	TRUE	-79.7694	-82.9072	Science
Vanda	Permanent	New Zealand	Antarctica New Zealand	Victoria Land	1969	1975	1969		active			-77.5167	161.6667	Science
Vanda	Summer	New Zealand	Antarctica New Zealand	Victoria Land	1975		1969		active			-77.5167	161.6667	Science
Vechernyaya	Summer	Belarus	National Academy of Sciences of Belarus	Mount Vechernyaya, Thala Hills	2007				active			-67.6592	46.1581	Science
Vernadsky (ex Station F)	Permanent	Ukraine, United Kingdom	National Antarctic Scientific Center of Ukraine	Galindez Island	1994				active			-65.2458	-64.2578	Science
Vostok	Permanent	Russia / Soviet Union	Russian Antarctic Expedition	Antarctic Ice Sheet	1957				active	Lies at the southern Pole of Cold, with the lowest reliably measured natural temperature on Earth of -89.2 °C.<br><br>One of the most isolated research stations on the Antarctic continent, it is also one of the driest places on Earth. On average, Vostok station receives only 26 days of snow per year. It is also one of the sunniest places on Earth, despite having no sunshine at all between May and August.		-78.4639	106.8375	Science
Vostok I	Permanent	Russia / Soviet Union	Russian Academy of Sciences	East Antarctica	1957	1957			closed			-72.1333	96.5833	Science
Wasa	Summer	Sweden	Swedish Polar Research Secretariat	Queen Maud Land	1989				active			-73.04	-13.3986	Science
Weddell 1	Summer	Russia / Soviet Union, United States	Russian Antarctic Expedition, National Science Foundation	Weddell Sea	1992	1992			closed			-71.8	-51.7167	Science
World Park	Permanent	Neutral	Greenpeace	Cape Evans	1987	1992			closed	A non-governmental year-round base established by Greenpeace in order to press its demand for the Antarctic Treaty nations to declare all of the continent of Antarctica a World Park.	TRUE	-77.6389	-166.4139	Science
Yelcho	Summer	Chile	Instituto Antártico Chileno	South Bay, Doumer Island	1962	1998			closed			-64.8758	-63.5836	Science
Yelcho	Summer	Chile	Instituto Antártico Chileno	South Bay, Doumer Island	2015				active			-64.8758	-63.5836	Science
Zhongshan	Permanent	China	Polar Research Institute of China	Larsemann Hills, Prydz Bay	1989				active			-69.3736	76.3717	Science
ActiveSound					2022	2023						-63.25	-56.1	Tourism
CapeAdare					2022	2023						-71.17	170.14	Tourism
AdelaideIsland					2022	2023						-67.15	-68.3	Tourism
AdmiraltyBay					2022	2023						-62.1	-58.25	Tourism
AdmiraltySound					2022	2023						-64.2	-57.1	Tourism
AguirrePassage					2022	2023						-64.29	-62.3	Tourism
AmphibolitePoint					2022	2023						-60.41	-45.21	Tourism
AndresenIsland					2022	2023						-66.53	-66.4	Tourism
AndvordBay					2022	2023						-64.5	-62.39	Tourism
AntarcticSound					2022	2023						-63.2	-56.45	Tourism
ArctowskiStation					2022	2023						-62.9	-58.28	Tourism
ArdleyIsland					2022	2023						-62.13	-58.56	Tourism
ArgentineIslandsOther					2022	2023						-65.15	-64.16	Tourism
FergusonChannel					2022	2023						-64.54	-62.59	Tourism
ArthurHarbor					2022	2023						-64.46	-64.4	Tourism
AstrolabeIsland					2022	2023						-63.17	-58.4	Tourism
BagnoldPoint					2022	2023						-67.02	-67.29	Tourism
BaldHead					2022	2023						-63.38	-57.36	Tourism
BallenyIslands					2022	2023						-66.55	163.2	Tourism
BancroftBay					2022	2023						-64.34	-61.52	Tourism
BeakIsland					2022	2023						-63.37	-57.18	Tourism
BearPeninsula					2022	2023						-74.34	-111	Tourism
BeascocheaBay					2022	2023						-65.3	-64	Tourism
BeerIsland					2022	2023						-66	-65.41	Tourism
BeethovenPeninsula					2022	2023						-71.43	-73.4	Tourism
BellingshausenSea					2022	2023						-71	-85	Tourism
BellingshausenStation					2022	2023						-62.11	-58.57	Tourism
BenedenHead					2022	2023						-64.46	-62.42	Tourism
BennettIslands					2022	2023						-66.56	-67.4	Tourism
BerthelotIslands					2022	2023						-65.2	-64.9	Tourism
CapeBird					2022	2023						-77.9	166.42	Tourism
BiscoeBay					2022	2023						-64.48	-63.49	Tourism
BiscoePoint					2022	2023						-64.49	-63.49	Tourism
BismarckStrait					2022	2023						-64.51	-64	Tourism
BlaiklockIsland					2022	2023						-67.33	-67.4	Tourism
BlindBay					2022	2023						-67.31	-66.31	Tourism
BongrainPoint					2022	2023						-67.43	-67.48	Tourism
BorgenBay					2022	2023						-64.45	-63.3	Tourism
BotanyBay					2022	2023						-63.41	-57.53	Tourism
BourgeoisFjord					2022	2023						-67.4	-67.5	Tourism
BoydStrait					2022	2023						-62.5	-62	Tourism
BrabantIsland					2022	2023						-64.15	-62.2	Tourism
BransfieldStrait					2022	2023						-63	-59	Tourism
BreakwaterIsland					2022	2023						-64.48	-63.14	Tourism
BrialmontCove					2022	2023						-64.15	-60.58	Tourism
BriandFjord					2022	2023						-65.2	63.4	Tourism
BrownBluff					2022	2023						-63.32	-56.55	Tourism
BrownsonIslands					2022	2023						-74.1	-103.36	Tourism
BrydeIsland					2022	2023						-64.52	-63.2	Tourism
BulsBay					2022	2023						-64.23	-62.19	Tourism
ButlerPassage					2022	2023						-64.58	-63.44	Tourism
CarlssonBay					2022	2023						-64.24	-58.04	Tourism
CarrollInlet					2022	2023						-73.18	-78.3	Tourism
CenturionGlacier					2022	2023						-68.12	-66.55	Tourism
CharcotBay					2022	2023						-63.48	-59.31	Tourism
CharcotIsland					2022	2023						-69.57	-75.25	Tourism
PortCharcot					2022	2023						-65.4	-64	Tourism
CharlotteBay					2022	2023						-64.33	-61.39	Tourism
ChiloéPoint					2022	2023						-65.31	-63.58	Tourism
ChiriguanoBay					2022	2023						-64.28	-62.31	Tourism
CiervaCove					2022	2023						-64.9	-60.53	Tourism
CockburnIsland					2022	2023						-64.12	-56.51	Tourism
ColbeckBay					2022	2023						-71.37	170.4	Tourism
CapeColbeck					2022	2023						-77.7	-158.1	Tourism
CollinsBay					2022	2023						-65.21	-64.4	Tourism
CombRidge					2022	2023						-63.55	-57.28	Tourism
ConesaPoint					2022	2023						-64.52	-62.5	Tourism
CoronationIsland					2022	2023						-60.37	-45.35	Tourism
CoulmanIsland					2022	2023						-73.28	169.45	Tourism
CroftBay					2022	2023						-64	-57.45	Tourism
CrokerPassage					2022	2023						-64	-61.42	Tourism
CapeCrozier					2022	2023						-77.31	169.24	Tourism
CrystalSound					2022	2023						-66.23	-66.3	Tourism
CurtissBay					2022	2023						-64.2	-60.47	Tourism
CuvervilleIsland					2022	2023						-64.41	-62.38	Tourism
D'UrvilleMonument					2022	2023						-63.25	-56.18	Tourism
DallmannBay					2022	2023						-64.2	-62.55	Tourism
DamoyPoint/DorianBay					2022	2023						-64.49	-63.32	Tourism
DancoIsland					2022	2023						-64.44	-62.37	Tourism
DangerIslands					2022	2023						-63.25	-54.4	Tourism
DebenhamIslands					2022	2023						-68.8	-67.7	Tourism
DeceptionIsland					2022	2023						-62.57	-60.38	Tourism
DelaiteIsland					2022	2023						-64.33	-62.12	Tourism
CapeDenison					2022	2023						-67	142.4	Tourism
DetailleIsland					2022	2023						-66.52	-66.48	Tourism
DevilIsland					2022	2023						-63.48	-57.17	Tourism
DiscoveryBay					2022	2023						-62.29	-59.43	Tourism
DogsLegFjord					2022	2023						-67.43	-66.52	Tourism
DoumerIsland					2022	2023						-64.51	-63.35	Tourism
Dumontd'UrvilleStation					2022	2023						-66.39	140	Tourism
DuperréBay					2022	2023						-64.27	-62.4	Tourism
DurochIslands					2022	2023						-63.18	-57.54	Tourism
DuseBay					2022	2023						-63.32	-57.15	Tourism
DuthiersPoint					2022	2023						-64.48	-62.49	Tourism
EckenerPoint					2022	2023						-64.26	-61.36	Tourism
EdinburghHill					2022	2023						-62.33	-60.1	Tourism
ElephantIsland					2022	2023						-61.1	-55.14	Tourism
ElephantPoint					2022	2023						-62.41	-60.52	Tourism
EnglishStrait					2022	2023						-62.27	-59.38	Tourism
EnterpriseIsland					2022	2023						-64.32	-62	Tourism
ErebusandTerrorGulf					2022	2023						-63.55	-56.4	Tourism
ErreraChannel					2022	2023						-64.42	-62.36	Tourism
CapeEvans					2022	2023						-77.38	166.24	Tourism
EzcurraInlet					2022	2023						-62.9	-58.32	Tourism
FalseBay					2022	2023						-62.43	-60.22	Tourism
FalseIsland					2022	2023						-64.31	-62.53	Tourism
FalseIslandPoint					2022	2023						-63.55	-57.2	Tourism
FildesPeninsula					2022	2023						-62.12	-58.58	Tourism
FishIslands					2022	2023						-66.2	-65.25	Tourism
FortPoint					2022	2023						-62.34	-59.34	Tourism
PortFoster					2022	2023						-62.57	-60.39	Tourism
FournierBay					2022	2023						-64.31	-63.6	Tourism
FoynHarbor					2022	2023						-64.33	-62.1	Tourism
FoynIsland					2022	2023						-71.56	171.04	Tourism
FranklinIsland					2022	2023						-76.5	168.19	Tourism
FrenchPassage					2022	2023						-65.1	-64.2	Tourism
FridtjofSound					2022	2023						-63.34	-56.43	Tourism
GabrieldeCastillaStation					2022	2023						-62.58	-60.4	Tourism
GalindezIsland					2022	2023						-65.15	-64.15	Tourism
GandIsland					2022	2023						-64.24	-62.51	Tourism
GastonIslands					2022	2023						-64.28	-61.5	Tourism
O'HigginsStation					2022	2023						-63.19	-57.54	Tourism
GeorgeVISound					2022	2023						-71	-68	Tourism
GerlacheStrait					2022	2023						-64.3	-62.2	Tourism
GibbonBay					2022	2023						-60.39	-45.11	Tourism
GibbsIsland					2022	2023						-61.28	-55.34	Tourism
GirardBay					2022	2023						-65.8	-64	Tourism
GoudierIsland					2022	2023						-64.5	-63.3	Tourism
GourdinIsland					2022	2023						-63.12	-57.18	Tourism
GrahamPassage					2022	2023						-64.24	-61.31	Tourism
GrandidierChannel					2022	2023						-65.35	-64.45	Tourism
GuepratteIsland					2022	2023						-64.3	-63	Tourism
TheGullet					2022	2023						-67.1	-67.38	Tourism
GuyouIslands					2022	2023						-65.3	-63.24	Tourism
HalfMoonIsland-ChinstrapColony					2022	2023						-62.36	-59.55	Tourism
CapeHallett					2022	2023						-72.19	170.16	Tourism
HannahPoint					2022	2023						-62.39	-60.37	Tourism
HanusseBay					2022	2023						-66.57	-67.3	Tourism
HarryIsland					2022	2023						-64.8	-61.59	Tourism
HerbertSound					2022	2023						-63.55	-57.4	Tourism
HeroinaIsland					2022	2023						-63.24	-54.36	Tourism
HiddenBay					2022	2023						-65.2	-63.46	Tourism
HoldfastPoint					2022	2023						-66.28	-66.21	Tourism
HopeBay					2022	2023						-63.23	-57	Tourism
HorseshoeIsland					2022	2023						-67.51	-67.12	Tourism
HovgaardIsland					2022	2023						-65.8	-64.8	Tourism
HughesBay					2022	2023						-64.14	-61.13	Tourism
HughesBay					2022	2023						-64.13	-61.2	Tourism
HutPoint					2022	2023						-77.5	166.38	Tourism
HydrurgaRocks					2022	2023						-64.8	-61.37	Tourism
JabetPeak					2022	2023						-64.49	-63.28	Tourism
JamesRossIsland					2022	2023						-64.1	-57.45	Tourism
JennyIsland					2022	2023						-67.44	-68.24	Tourism
JouglaPoint					2022	2023						-64.49	-63.3	Tourism
KayakBay					2022	2023						-64.18	-62.13	Tourism
KingGeorgeBay					2022	2023						-62.6	-58.5	Tourism
LagarrigueCove					2022	2023						-64.39	-62.34	Tourism
LagoonIsland					2022	2023						-67.35	-68.16	Tourism
LainezPoint					2022	2023						-67.41	-67.49	Tourism
LallemandFjord					2022	2023						-67.5	-66.45	Tourism
LapeyrèreBay					2022	2023						-64.24	-63.15	Tourism
LarsenInlet					2022	2023						-64.25	-59.28	Tourism
LaurieIsland					2022	2023						-60.44	-44.37	Tourism
LavoisierIsland					2022	2023						-66.12	-66.44	Tourism
LazarevBay					2022	2023						-69.28	-72.4	Tourism
LecointeIsland					2022	2023						-64.16	-62.1	Tourism
Lefèvre-UtilePoint					2022	2023						-64.5	-63.31	Tourism
LeithCove					2022	2023						-64.52	-62.5	Tourism
LemaireChannel					2022	2023						-65.4	-63.57	Tourism
LemaireIsland					2022	2023						-64.49	-62.57	Tourism
LiardIsland					2022	2023						-66.51	-67.25	Tourism
LiegeIsland					2022	2023						-64.2	-61.55	Tourism
LindbladCove					2022	2023						-63.51	-59.27	Tourism
LionSound					2022	2023						-64.4	-63.9	Tourism
LivingstonIsland					2022	2023						-62.36	-60.3	Tourism
CapeLookout					2022	2023						-61.16	-55.12	Tourism
LystadBay					2022	2023						-67.5	-67.17	Tourism
MargueriteBay					2022	2023						-68.3	-68.3	Tourism
MartelInlet					2022	2023						-62.5	-58.22	Tourism
MathaStrait					2022	2023						-66.33	-67.26	Tourism
MatthewIsland					2022	2023						-60.44	-45.6	Tourism
MaxwellBay,KingGeorgeIsland					2022	2023						-62.15	-58.51	Tourism
McFarlaneStrait					2022	2023						-62.32	-59.55	Tourism
McMurdoSound					2022	2023						-77.31	165.1	Tourism
McMurdoStation					2022	2023						-77.5	166.4	Tourism
MelchiorIslands					2022	2023						-64.19	-62.57	Tourism
MertzGlacierTongue					2022	2023						-67.1	145.3	Tourism
MeusnierPoint					2022	2023						-64.32	-61.37	Tourism
MikkelsenHarbor(D'Hainaut)					2022	2023						-63.54	-60.47	Tourism
MonroeIsland					2022	2023						-60.36	-46.3	Tourism
MoubrayBay					2022	2023						-72.11	170.15	Tourism
MoureauxIslands					2022	2023						-65.5	-63.8	Tourism
MudgePassage					2022	2023						-66.2	-65.5	Tourism
MurrayHarbour					2022	2023						-64.21	-61.34	Tourism
NansenIsland					2022	2023						-64.35	-62.6	Tourism
TheNaze					2022	2023						-63.57	-57.32	Tourism
NekoHarbor					2022	2023						-64.5	-62.33	Tourism
NelsonIsland					2022	2023						-62.18	-59.3	Tourism
NenyFjord					2022	2023						-68.16	-66.49	Tourism
NeptunesBellows					2022	2023						-63	-60.34	Tourism
NeumayerChannel					2022	2023						-64.47	-63.3	Tourism
SablePinnacles					2022	2023						-64.4	-62.34	Tourism
OrcadasStation					2022	2023						-60.44	-44.44	Tourism
OrneHarbor					2022	2023						-64.37	-62.32	Tourism
OrneIslands					2022	2023						-64.4	-62.4	Tourism
PalaverPoint					2022	2023						-64.9	-61.45	Tourism
PalmerStation					2022	2023						-64.46	-64.5	Tourism
HuntIsland					2022	2023						-64.2	-62.8	Tourism
FreudPassage					2022	2023						-64.17	-62.8	Tourism
ParadiseHarbor					2022	2023						-64.51	-62.54	Tourism
PatagoniaBay					2022	2023						-64.27	-63.12	Tourism
PauletIsland					2022	2023						-63.35	-55.47	Tourism
PeltierChannel					2022	2023						-64.52	-63.32	Tourism
PendulumCove					2022	2023						-62.56	-60.36	Tourism
PenguinIsland					2022	2023						-62.6	-57.54	Tourism
PenolaStrait					2022	2023						-65.1	-64.7	Tourism
PeterIIsland					2022	2023						-68.47	-90.35	Tourism
PetermannIsland					2022	2023						-65.1	-64.1	Tourism
PineIslandBay					2022	2023						-74.5	-102.4	Tourism
PlataPassage					2022	2023						-64.4	-62.1	Tourism
PleneauIsland					2022	2023						-65.6	-64.4	Tourism
PortalPoint					2022	2023						-64.3	-61.46	Tourism
PossessionIsland					2022	2023						-71.52	-171.12	Tourism
PotterCove					2022	2023						-62.14	-58.42	Tourism
PourquoiPasIsland					2022	2023						-67.41	-67.28	Tourism
PresidentHead					2022	2023						-62.44	-61.12	Tourism
FreiStation					2022	2023						-62.12	-58.57	Tourism
PrinceGustavChannel					2022	2023						-63.5	-58.15	Tourism
ProspectPoint					2022	2023						-66.1	-65.21	Tourism
RabotPoint					2022	2023						-64.16	-57.18	Tourism
BailyHead					2022	2023						-62.58	-60.29	Tourism
RecessCove					2022	2023						-64.3	-61.32	Tourism
RedRockRidge					2022	2023						-68.18	-67.8	Tourism
RobertPoint					2022	2023						-62.28	-59.23	Tourism
RobertsonIsland					2022	2023						-65.1	-59.37	Tourism
RomanFourPromontory					2022	2023						-68.13	-66.56	Tourism
RongeIslandKetleyPoint					2022	2023						-64.42	-62.46	Tourism
RongeIsland/GeorgesPoint					2022	2023						-64.43	-62.41	Tourism
RongeIsland/KerrPoint					2022	2023						-64.42	-62.37	Tourism
RossIceShelf					2022	2023						-81.3	-175	Tourism
RossSea					2022	2023						-75	-175	Tourism
RotheraStation					2022	2023						-67.34	-68.7	Tourism
CapeRoyds					2022	2023						-77.32	-166.8	Tourism
SadlerPoint					2022	2023						-64.42	-62.4	Tourism
SalmonBay					2022	2023						-77.55	164.33	Tourism
SalvesenCove					2022	2023						-64.24	-61.2	Tourism
SanMartinStation					2022	2023						-68.7	-67.6	Tourism
SandefjordBay					2022	2023						-60.37	-46.3	Tourism
SchollaertChannel					2022	2023						-64.18	-62.3	Tourism
SealIslands					2022	2023						-60.34	-55.14	Tourism
ShingleCove					2022	2023						-60.39	-45.34	Tourism
ShroveCove					2022	2023						-63.59	-57.5	Tourism
SiffreyPoint					2022	2023						-63.13	-57.13	Tourism
SignyIslandStation					2022	2023						-66.55	-67.1	Tourism
SimsIsland					2022	2023						-73.21	-78.19	Tourism
SipleIsland					2022	2023						-73.39	-125	Tourism
SkontorpCove					2022	2023						-64.54	-62.52	Tourism
SkottsbergPoint					2022	2023						-63.55	-60.49	Tourism
SmiggersIsland					2022	2023						-65.27	-65.19	Tourism
SnowHillIsland-IceEdgeLanding					2022	2023						-64.28	-57.1	Tourism
SnowHillIsland-EmperorPenguinColony					2022	2023						-64.3	-57.26	Tourism
SnowHillIsland-Nordenskjold'sHut					2022	2023						-64.28	-57.12	Tourism
SnowIsland					2022	2023						-62.47	-61.23	Tourism
CapeSobral					2022	2023						-64.34	-59.33	Tourism
SouthOrkneyIslands					2022	2023						-60.35	-45.3	Tourism
SouthShetlandIslands					2022	2023						-62	-58	Tourism
SpertIsland					2022	2023						-63.51	-60.57	Tourism
SpigotPeak					2022	2023						-64.38	-62.34	Tourism
StefanIcePiedmont					2022	2023						-66.4	-66.3	Tourism
CapeHerschel					2022	2023						-64.4	-61.2	Tourism
StoningtonIsland					2022	2023						-68.11	-67	Tourism
StonyPoint					2022	2023						-64.54	-62.55	Tourism
StygianCove					2022	2023						-60.4	-45.36	Tourism
SunshineGlacier					2022	2023						-60.39	-45.32	Tourism
KinnesCove/MadderCliffs					2022	2023						-63.18	-56.27	Tourism
TayHead					2022	2023						-63.21	-55.34	Tourism
TaylorValley/CanadaGlacier					2022	2023						-77.39	162.56	Tourism
TelefonBay					2022	2023						-62.56	-60.4	Tourism
TerraFirmaIslands					2022	2023						-68.42	-67.32	Tourism
TrinityIsland					2022	2023						-54	-38.1	Tourism
TrinityPeninsula					2022	2023						-63.37	-58.2	Tourism
AitchoIslands-BarrientosIsland					2022	2023						-62.24	-59.47	Tourism
TurretPoint					2022	2023						-62.5	-57.55	Tourism
TuttonPoint					2022	2023						-66.53	-67.35	Tourism
CapeTuxen					2022	2023						-65.16	-64.8	Tourism
TwoHummockIsland					2022	2023						-64.8	-61.42	Tourism
UsefulIsland					2022	2023						-64.43	-62.52	Tourism
CapeValentine					2022	2023						-61.6	-54.39	Tourism
VegaIsland					2022	2023						-63.5	-57.25	Tourism
ViewPoint					2022	2023						-63.33	-57.22	Tourism
VortexIsland					2022	2023						-63.44	-57.38	Tourism
WalkerBay(byHannahPoint)					2022	2023						-62.38	-60.42	Tourism
WalkerPoint					2022	2023						-61.8	-54.42	Tourism
WaterboatPoint/GonzalezVidelaStation					2022	2023						-64.49	-62.51	Tourism
WebbIsland					2022	2023						-67.27	-67.56	Tourism
WeddellSea					2022	2023						-72	-45	Tourism
WhalersBay					2022	2023						-62.59	-60.34	Tourism
BayofWhales					2022	2023						-78.3	-164.2	Tourism
PointWild					2022	2023						-61.6	-54.52	Tourism
WilhelminaBay					2022	2023						-64.38	-62.1	Tourism
WinterIsland					2022	2023						-65.15	-64.16	Tourism
YalourIslands					2022	2023						-65.14	-64.1	Tourism
YankeeHarbor					2022	2023						-62.32	-59.47	Tourism
SjogrenInlet					2022	2023						-64.14	-59	Tourism
SwiftBay					2022	2023						-64.22	-57.46	Tourism
VernadskyStation					2022	2023						-65.14	-64.15	Tourism
SkogBay					2022	2023						-66.52	-66.3	Tourism